﻿<?xml version="1.0" encoding="UTF-8"?>
<!--Created:cb85b80c-f585-40ff-8bfc-12ff4d0e34a9-->
<OfficeApp xmlns="http://schemas.microsoft.com/office/appforoffice/1.1" xmlns:xsi="http://www.w3.org/2001/XMLSchema-instance" xsi:type="TaskPaneApp">
  <Id>e737efd5-fcc6-44bd-a494-52a891d60f6e</Id>
  <Version>1.0.0.0</Version>
  <ProviderName>Clare Yan</ProviderName>
  <DefaultLocale>en-US</DefaultLocale>
  <DisplayName DefaultValue="Colorizer" />
  <Description DefaultValue="The Excel Add-in Colorizer for Excel 2016. The add-in will not work in Excel 2013."/>
  <IconUrl DefaultValue="https://officeaddincolorizer.azurewebsites.net/Icon/icon.png" />
  <SupportUrl DefaultValue="https://officeaddincolorizer.azurewebsites.net/Support.html"></SupportUrl> 
  <Hosts>
    <Host Name="Workbook" />
  </Hosts>
  <Requirements>
    <Sets DefaultMinVersion="1.1">
      <Set Name="ExcelApi" />
    </Sets>
  </Requirements> 
  <DefaultSettings>
    <SourceLocation DefaultValue="https://officeaddincolorizer.azurewebsites.net/Addin/Home/Home.html" />
  </DefaultSettings>
  <Permissions>ReadWriteDocument</Permissions>
</OfficeApp>
